id,date,production(kWh),specific_prod(kWh/kWp),uvIndex,sunHour,cloudcover,maxtempC,mintempC,precipitation
1,2016-12-01,33.587269500000005,3.29286955882353,4.0,11.0,7.0,20.0,8.0,0.0
1,2017-01-01,1190.9555429,116.76034734313725,3.967741935483871,11.087096774193544,2.4838709677419355,23.0,4.0,0.5
1,2017-02-01,1054.4471973,103.37717620588235,4.178571428571429,11.364285714285723,2.857142857142857,26.0,5.0,0.5
1,2017-03-01,1225.5001836,120.14707682352942,4.806451612903226,11.600000000000003,6.612903225806452,26.0,7.0,32.9
1,2017-04-01,1269.7414046000001,124.48445143137255,5.0,11.556666666666668,7.433333333333334,29.0,8.0,35.4
1,2017-05-01,1174.8671758,115.18305645098037,5.290322580645161,11.600000000000003,11.193548387096774,28.0,11.0,77.39999999999998
1,2017-06-01,1142.3351152000002,111.99363874509805,4.933333333333334,11.600000000000001,16.433333333333334,26.0,10.0,112.49999999999997
1,2017-07-01,1032.9481506,101.26942652941177,5.0,11.558064516129036,24.225806451612904,25.0,9.0,185.0
1,2017-08-01,1055.1885712999997,103.44985993137257,4.935483870967742,11.33548387096774,25.419354838709676,25.0,12.0,173.39999999999995
1,2017-09-01,871.5247166,85.44359966666667,4.933333333333334,11.553333333333336,31.4,24.0,9.0,118.80000000000001
1,2017-10-01,1044.5873075999998,102.4105203529412,4.903225806451613,11.600000000000003,15.064516129032258,24.0,8.0,32.699999999999996
1,2017-11-01,1170.9766407000002,114.80163144117647,4.533333333333333,11.216666666666667,4.333333333333333,25.0,7.0,0.5
1,2017-12-01,1056.4762695000002,103.57610485294119,4.354838709677419,10.98709677419355,3.7419354838709675,22.0,5.0,1.3
1,2018-01-01,944.9738592000001,92.64449600000002,4.096774193548387,11.048387096774192,7.290322580645161,22.0,5.0,4.5
1,2018-02-01,1069.1437302999998,104.81801277450984,4.857142857142857,11.078571428571435,10.464285714285714,26.0,10.0,8.2
1,2018-03-01,1311.4058026999996,128.56919634313724,5.096774193548387,11.600000000000003,5.096774193548387,27.0,11.0,8.9
1,2018-04-01,1213.8083125,119.00081495098041,5.366666666666666,11.600000000000001,7.966666666666667,28.0,12.0,50.300000000000004
1,2018-05-01,1303.3291912000002,127.77737168627452,5.709677419354839,11.600000000000003,9.290322580645162,31.0,13.0,66.0
1,2018-06-01,1013.4342362,99.35629766666668,5.033333333333333,11.560000000000002,24.5,26.0,13.0,147.7
1,2018-07-01,1146.4173321,112.39385608823532,4.967741935483871,11.600000000000003,14.419354838709678,26.0,12.0,108.3
1,2018-08-01,1049.9034366,102.9317094705882,5.0,11.600000000000003,22.838709677419356,24.0,12.0,154.3
1,2018-09-01,1018.1355547000002,99.81721124509804,5.0,11.600000000000001,20.0,24.0,11.0,109.99999999999999
1,2018-10-01,933.8602988000002,91.55493125490199,5.0,11.600000000000003,21.032258064516128,23.0,11.0,58.6
1,2018-11-01,990.4521650999999,97.10315344117649,4.666666666666667,11.216666666666667,13.1,24.0,7.0,14.7
1,2018-12-01,1047.2178291999999,102.668414627451,4.32258064516129,10.98709677419355,8.064516129032258,22.0,6.0,3.6000000000000005
1,2019-01-01,1071.0073787000001,105.0007234019608,4.419354838709677,10.812903225806448,12.548387096774194,22.0,3.0,7.4
1,2019-02-01,1022.0388437000001,100.19988663725489,5.142857142857143,11.21071428571429,14.5,30.0,8.0,27.699999999999996
1,2019-03-01,1234.166619,120.99672735294119,5.290322580645161,11.009677419354842,19.032258064516128,31.0,8.0,30.400000000000002
1,2019-04-01,1137.2841135,111.49844250000001,5.6,11.013333333333332,20.966666666666665,33.0,10.0,46.7
1,2019-05-01,1125.3685997999999,110.33025488235296,5.741935483870968,10.700000000000001,36.193548387096776,32.0,14.0,121.2
1,2019-06-01,961.4378944000001,94.25861709803921,4.566666666666666,9.55,54.4,29.0,9.0,310.80000000000007
1,2019-07-01,1001.9454589000002,98.22994695098039,4.096774193548387,8.37741935483871,65.03225806451613,26.0,9.0,548.8000000000001
1,2019-08-01,1228.2027617,120.41203546078434,4.225806451612903,8.72258064516129,61.74193548387097,26.0,9.0,395.9000000000001
1,2019-09-01,1034.4350843000002,101.41520434313725,3.966666666666667,8.233333333333333,64.4,29.0,0.0,373.6
1,2019-10-01,1032.7410466000001,101.24912221568627,3.935483870967742,8.806451612903226,63.38709677419355,25.0,8.0,312.5
1,2019-11-01,1056.9878320000003,103.62625803921568,4.366666666666666,9.883333333333331,40.266666666666666,28.0,7.0,97.10000000000001
1,2019-12-01,1015.9065084,99.59867729411766,4.548387096774194,10.72258064516129,12.290322580645162,26.0,6.0,4.7
1,2020-01-01,1025.393155,100.5287406862745,4.129032258064516,10.287096774193547,23.580645161290324,26.0,5.0,41.00000000000001
1,2020-02-01,1095.8086346,107.43221907843139,5.103448275862069,11.137931034482765,12.413793103448276,31.0,6.0,9.100000000000001
1,2020-03-01,1234.7022346,121.04923868627452,5.419354838709677,11.3741935483871,16.419354838709676,33.0,6.0,41.0
1,2020-04-01,1249.7952932,122.52895031372549,5.3,10.616666666666667,30.266666666666666,32.0,11.0,127.6
1,2020-05-01,1195.996173,117.25452676470587,5.225806451612903,10.54193548387097,36.87096774193548,29.0,10.0,162.79999999999995
1,2020-06-01,1073.752452,105.26984823529413,4.9,9.623333333333335,49.333333333333336,30.0,9.0,244.29999999999998
1,2020-07-01,897.6496709999999,88.00486970588236,4.28,8.376,63.4,27.0,10.0,369.30000000000007
2,2016-12-01,18.401,3.216958041958042,4.0,11.0,7.0,20.0,8.0,0.0
2,2017-01-01,730.4849999999999,127.70716783216784,3.935483870967742,11.083870967741932,3.0,23.0,2.0,0.0
2,2017-02-01,782.103,136.73129370629374,4.107142857142857,11.360714285714293,3.9285714285714284,26.0,5.0,0.5
2,2017-03-01,886.0549999999998,154.9047202797203,4.451612903225806,11.600000000000003,8.774193548387096,26.0,6.0,11.699999999999998
2,2017-04-01,885.6900000000002,154.8409090909091,4.933333333333334,11.556666666666668,8.033333333333333,29.0,7.0,6.499999999999999
2,2017-05-01,840.7560000000001,146.98531468531468,5.290322580645161,11.600000000000003,10.741935483870968,29.0,10.0,23.199999999999996
2,2017-06-01,839.214,146.71573426573428,5.0,11.600000000000001,16.6,27.0,8.0,47.39999999999999
2,2017-07-01,780.7209999999999,136.48968531468532,4.838709677419355,11.4741935483871,26.612903225806452,25.0,9.0,119.19999999999997
2,2017-08-01,777.825,135.98339160839163,5.0,11.293548387096774,24.93548387096774,26.0,12.0,138.29999999999998
2,2017-09-01,634.381,110.90576923076922,4.933333333333334,11.506666666666668,32.733333333333334,26.0,9.0,79.39999999999998
2,2017-10-01,707.1120000000001,123.62097902097902,4.774193548387097,11.600000000000003,18.193548387096776,24.0,8.0,17.7
2,2017-11-01,790.6780000000001,138.2304195804196,4.433333333333334,11.229999999999999,5.4,24.0,6.0,0.7999999999999999
2,2017-12-01,644.0369999999999,112.59388111888114,4.387096774193548,10.98709677419355,4.645161290322581,23.0,4.0,0.2
2,2018-01-01,584.3040000000001,102.15104895104896,4.096774193548387,11.04516129032258,8.451612903225806,23.0,3.0,2.0000000000000004
2,2018-02-01,675.363,118.07045454545455,4.892857142857143,11.132142857142863,11.142857142857142,25.0,9.0,17.999999999999996
2,2018-03-01,845.4209999999998,147.80087412587415,5.225806451612903,11.554838709677423,5.645161290322581,27.0,11.0,6.299999999999999
2,2018-04-01,795.0820000000002,139.00034965034968,5.433333333333334,11.600000000000001,8.266666666666667,27.0,12.0,32.099999999999994
2,2018-05-01,941.7999999999996,164.65034965034968,5.645161290322581,11.600000000000003,9.935483870967742,30.0,13.0,40.800000000000004
2,2018-06-01,757.2059766999998,132.37866725524475,5.066666666666666,11.600000000000001,23.566666666666666,27.0,13.0,117.70000000000003
2,2018-07-01,918.3360293000001,160.54825687062936,5.064516129032258,11.600000000000003,15.483870967741936,27.0,12.0,87.70000000000005
2,2018-08-01,777.4175097999998,135.91215206293708,5.0,11.600000000000003,23.516129032258064,25.0,12.0,126.39999999999998
2,2018-09-01,732.159,127.99982517482518,5.0,11.600000000000001,20.1,26.0,12.0,79.3
2,2018-10-01,636.448,111.26713286713287,5.0,11.600000000000003,23.032258064516128,24.0,11.0,51.900000000000006
2,2018-11-01,650.6589999999998,113.75157342657344,4.7,11.163333333333332,14.366666666666667,24.0,6.0,21.899999999999995
2,2018-12-01,678.7800000000001,118.66783216783217,4.580645161290323,10.98709677419355,8.548387096774194,23.0,6.0,2.7000000000000006
2,2019-01-01,697.3910000000001,121.92150349650349,4.387096774193548,10.987096774193546,13.516129032258064,23.0,3.0,9.6
2,2019-02-01,728.3800000000001,127.33916083916084,5.178571428571429,11.157142857142862,15.071428571428571,32.0,7.0,12.3
2,2019-03-01,878.1100000000002,153.5157342657343,5.741935483870968,11.100000000000003,17.258064516129032,33.0,10.0,17.099999999999998
2,2019-04-01,845.756,147.85944055944057,6.333333333333333,11.196666666666667,20.133333333333333,34.0,13.0,39.800000000000004
2,2019-05-01,897.0340000000001,156.82412587412588,6.483870967741935,10.841935483870964,34.45161290322581,34.0,18.0,56.5
2,2019-06-01,761.262,133.08776223776223,5.1,9.093333333333335,57.06666666666667,34.0,13.0,272.7
2,2019-07-01,801.8790000000002,140.18863636363636,4.903225806451613,8.370967741935486,66.19354838709677,29.0,13.0,448.8999999999999
2,2019-08-01,883.7759999999998,154.5062937062937,5.032258064516129,9.058064516129031,59.29032258064516,28.0,13.0,342.1000000000001
2,2019-09-01,743.7590000000001,130.02779720279722,4.566666666666666,8.973333333333333,62.36666666666667,30.0,0.0,358.2000000000001
2,2019-10-01,234.00099999999998,40.90926573426573,4.444444444444445,10.2,46.44444444444444,27.0,11.0,28.6
2,2019-11-01,683.566,119.50454545454546,4.966666666666667,10.623333333333331,34.4,31.0,11.0,49.00000000000001
2,2019-12-01,631.5679999999999,110.41398601398602,5.096774193548387,10.748387096774193,11.387096774193548,29.0,9.0,1.9
2,2020-01-01,629.3950000000002,110.0340909090909,4.666666666666667,10.396666666666663,25.0,28.0,8.0,30.500000000000004
2,2020-02-01,751.792,131.43216783216786,5.517241379310345,11.134482758620695,13.068965517241379,32.0,10.0,8.5
2,2020-03-01,863.6300000000001,150.98426573426576,6.161290322580645,11.46451612903226,17.032258064516128,36.0,11.0,47.0
2,2020-04-01,828.3710000000001,144.82010489510492,6.033333333333333,10.650000000000002,33.46666666666667,35.0,15.0,90.9
2,2020-05-01,877.4079999999997,153.39300699300702,6.129032258064516,11.029032258064522,26.741935483870968,35.0,13.0,136.99999999999997
2,2020-06-01,859.625,150.2840909090909,5.433333333333334,10.020000000000005,43.733333333333334,32.0,13.0,146.9
2,2020-07-01,699.834,122.34860139860139,5.08,8.976,58.96,30.0,14.0,278.3
3,2016-12-01,19.4473613,2.7981814820143884,4.0,11.0,7.0,20.0,8.0,0.0
3,2017-01-01,744.6108123000001,107.13824637410076,3.967741935483871,11.083870967741932,2.4838709677419355,23.0,4.0,0.5
3,2017-02-01,849.0524252999999,122.16581658992808,4.178571428571429,11.357142857142863,2.857142857142857,26.0,5.0,0.5
3,2017-03-01,956.1169451000002,137.5707834676259,4.806451612903226,11.600000000000003,6.612903225806452,26.0,7.0,32.9
3,2017-04-01,970.9596973000002,139.70643126618705,5.0,11.556666666666668,7.433333333333334,29.0,8.0,35.4
3,2017-05-01,899.4668650999997,129.41969282014392,5.290322580645161,11.600000000000003,11.193548387096774,28.0,11.0,77.39999999999998
3,2017-06-01,903.9873141000002,130.07011713669067,4.933333333333334,11.600000000000001,16.433333333333334,26.0,10.0,112.49999999999997
3,2017-07-01,835.7576231999999,120.25289542446043,5.0,11.558064516129036,24.225806451612904,25.0,9.0,185.0
3,2017-08-01,824.6954403000002,118.6612144316547,4.935483870967742,11.33548387096774,25.419354838709676,25.0,12.0,173.39999999999995
3,2017-09-01,684.8076221,98.53347080575539,4.933333333333334,11.553333333333336,31.4,24.0,9.0,118.80000000000001
3,2017-10-01,767.2843915000001,110.40063187050357,4.903225806451613,11.600000000000003,15.064516129032258,24.0,8.0,32.699999999999996
3,2017-11-01,819.4801776,117.91081692086333,4.533333333333333,11.23,4.333333333333333,25.0,7.0,0.5
3,2017-12-01,658.9873557999999,94.81832457553958,4.354838709677419,10.974193548387097,3.7419354838709675,22.0,5.0,1.3
3,2018-01-01,625.5311759000001,90.0044857410072,4.096774193548387,11.04516129032258,7.290322580645161,22.0,5.0,4.5
3,2018-02-01,767.6444930999997,110.45244505035973,4.857142857142857,11.075000000000006,10.464285714285714,26.0,10.0,8.2
3,2018-03-01,957.0660879000002,137.70735077697842,5.096774193548387,11.600000000000003,5.096774193548387,27.0,11.0,8.9
3,2018-04-01,899.6124063000001,129.440634,5.366666666666666,11.600000000000001,7.966666666666667,28.0,12.0,50.300000000000004
3,2018-05-01,1034.3424218000002,148.82624774100717,5.709677419354839,11.600000000000003,9.290322580645162,31.0,13.0,66.0
3,2018-06-01,817.144319,117.5747221582734,5.033333333333333,11.560000000000002,24.5,26.0,13.0,147.7
3,2018-07-01,924.1093478000001,132.96537378417264,4.967741935483871,11.600000000000003,14.419354838709678,26.0,12.0,108.3
3,2018-08-01,851.1625707000001,122.46943463309353,5.0,11.600000000000003,22.838709677419356,24.0,12.0,154.3
3,2018-09-01,789.8199104,113.64315257553957,5.0,11.600000000000001,20.0,24.0,11.0,109.99999999999999
3,2018-10-01,716.1071512,103.03700017266188,5.0,11.600000000000003,21.032258064516128,23.0,11.0,58.6
3,2018-11-01,711.1958236999998,102.33033434532373,4.666666666666667,11.23,13.1,24.0,7.0,14.7
3,2018-12-01,755.5630158000001,108.71410299280573,4.32258064516129,10.974193548387097,8.064516129032258,22.0,6.0,3.6000000000000005
3,2019-01-01,760.2342294999999,109.38622007194245,4.419354838709677,10.809677419354836,12.548387096774194,22.0,3.0,7.4
3,2019-02-01,773.8851486,111.35038109352517,5.142857142857143,11.21071428571429,14.5,30.0,8.0,27.699999999999996
3,2019-03-01,937.5799258,134.90358644604316,5.290322580645161,11.009677419354842,19.032258064516128,31.0,8.0,30.400000000000002
3,2019-04-01,914.3483770999999,131.56091756834533,5.6,11.013333333333332,20.966666666666665,33.0,10.0,46.7
3,2019-05-01,930.7518007999996,133.9211224172662,5.741935483870968,10.700000000000001,36.193548387096776,32.0,14.0,121.2
3,2019-06-01,822.2790792000002,118.31353657553957,4.566666666666666,9.55,54.4,29.0,9.0,310.80000000000007
3,2019-07-01,873.1649999999998,125.63525179856111,4.096774193548387,8.37741935483871,65.03225806451613,26.0,9.0,548.8000000000001
3,2019-08-01,976.8870000000002,140.5592805755396,4.225806451612903,8.72258064516129,61.74193548387097,26.0,9.0,395.9000000000001
3,2019-09-01,821.189,118.15669064748201,3.966666666666667,8.233333333333333,64.4,29.0,0.0,373.6
3,2019-10-01,802.9830000000001,115.53712230215825,3.935483870967742,8.806451612903226,63.38709677419355,25.0,8.0,312.5
3,2019-11-01,788.4689999999999,113.44877697841727,4.366666666666666,9.879999999999997,40.266666666666666,28.0,7.0,97.10000000000001
3,2019-12-01,737.894,106.17179856115109,4.548387096774194,10.72258064516129,12.290322580645162,26.0,6.0,4.7
3,2020-01-01,741.916,106.75050359712229,4.129032258064516,10.283870967741931,23.580645161290324,26.0,5.0,41.00000000000001
3,2020-02-01,843.5369999999998,121.37223021582734,5.103448275862069,11.137931034482765,12.413793103448276,31.0,6.0,9.100000000000001
3,2020-03-01,976.0339999999999,140.43654676258993,5.419354838709677,11.3741935483871,16.419354838709676,33.0,6.0,41.0
3,2020-04-01,962.4639999999998,138.48402877697842,5.3,10.616666666666667,30.266666666666666,32.0,11.0,127.6
3,2020-05-01,991.1629999999999,142.61338129496397,5.225806451612903,10.54193548387097,36.87096774193548,29.0,10.0,162.79999999999995
3,2020-06-01,946.133,136.13424460431656,4.9,9.620000000000003,49.333333333333336,30.0,9.0,244.29999999999998
3,2020-07-01,778.865,112.06690647482014,4.28,8.376,63.4,27.0,10.0,369.30000000000007
6,2016-12-01,10.645,3.411858974358974,4.0,11.0,12.0,22.0,9.0,0.0
6,2017-01-01,354.998,113.78141025641023,4.290322580645161,11.103225806451608,3.193548387096774,25.0,6.0,0.1
6,2017-02-01,357.52900000000005,114.59262820512821,4.857142857142857,11.371428571428579,3.2142857142857144,28.0,6.0,0.1
6,2017-03-01,404.838,129.75576923076923,5.032258064516129,11.600000000000003,5.903225806451613,29.0,10.0,17.5
6,2017-04-01,443.775,142.23557692307693,5.566666666666666,11.600000000000001,7.666666666666667,31.0,10.0,25.2
6,2017-05-01,420.80000000000007,134.87179487179486,5.774193548387097,11.519354838709678,14.03225806451613,30.0,13.0,114.89999999999999
6,2017-06-01,378.569,121.33621794871793,5.133333333333334,11.556666666666668,21.8,27.0,12.0,207.20000000000002
6,2017-07-01,427.63499999999993,137.0625,4.903225806451613,11.390322580645163,27.322580645161292,25.0,10.0,241.29999999999995
6,2017-08-01,387.533,124.20929487179488,4.806451612903226,11.174193548387096,30.838709677419356,25.0,12.0,283.99999999999994
6,2017-09-01,332.1130000000001,106.44647435897436,4.8,11.093333333333332,37.0,24.0,10.0,214.49999999999997
6,2017-10-01,409.24500000000006,131.1682692307692,5.032258064516129,11.600000000000003,16.806451612903224,26.0,9.0,54.50000000000001
6,2017-11-01,411.571,131.91378205128206,4.933333333333334,11.270000000000001,4.4,27.0,8.0,0.5
6,2017-12-01,392.37199999999996,125.76025641025639,4.580645161290323,11.038709677419357,4.516129032258065,25.0,7.0,0.0
6,2018-01-01,368.65200000000004,118.15769230769229,4.645161290322581,11.099999999999996,7.096774193548387,25.0,7.0,2.3
6,2018-02-01,391.6799999999999,125.53846153846155,5.0,11.135714285714291,11.678571428571429,28.0,11.0,4.6000000000000005
6,2018-03-01,465.511,149.20224358974355,5.612903225806452,11.600000000000003,6.225806451612903,31.0,12.0,9.600000000000001
6,2018-04-01,436.701,139.9682692307692,5.966666666666667,11.600000000000001,7.833333333333333,32.0,14.0,41.0
6,2018-05-01,418.504,134.13589743589742,5.806451612903226,11.516129032258068,13.35483870967742,33.0,14.0,72.39999999999999
6,2018-06-01,366.10900000000004,117.34262820512816,5.0,11.30666666666667,36.03333333333333,28.0,12.0,230.99999999999997
6,2018-07-01,407.163,130.50096153846158,5.0,11.600000000000003,16.64516129032258,26.0,12.0,128.20000000000002
6,2018-08-01,413.93100000000015,132.67019230769233,4.903225806451613,11.558064516129036,26.483870967741936,25.0,12.0,203.90000000000003
6,2018-09-01,381.37200000000007,122.23461538461538,4.966666666666667,11.553333333333336,22.4,24.0,11.0,144.3
6,2018-10-01,383.20199999999994,122.82115384615385,4.967741935483871,11.509677419354842,23.580645161290324,25.0,12.0,103.7
6,2018-11-01,323.38300000000004,103.64839743589741,4.7,11.120000000000003,16.366666666666667,26.0,8.0,22.900000000000002
6,2018-12-01,348.32099999999997,111.64134615384616,4.548387096774194,11.051612903225807,9.67741935483871,25.0,8.0,0.8999999999999999
6,2019-01-01,351.96700000000004,112.80993589743589,5.903225806451613,11.09677419354838,5.838709677419355,29.0,10.0,0.30000000000000004
6,2019-02-01,353.74500000000006,113.37980769230771,6.107142857142857,11.217857142857147,11.678571428571429,35.0,13.0,18.3
6,2019-03-01,423.252,135.65769230769232,6.709677419354839,11.419354838709681,9.258064516129032,36.0,15.0,13.000000000000002
6,2019-04-01,427.38999999999993,136.98397435897436,7.0,11.556666666666668,9.6,37.0,19.0,17.6
6,2019-05-01,382.0640000000001,122.45641025641024,6.709677419354839,10.683870967741933,33.67741935483871,36.0,21.0,173.5
6,2019-06-01,342.23800000000006,109.69166666666665,5.333333333333333,8.763333333333332,59.666666666666664,32.0,15.0,420.4
6,2019-07-01,386.00199999999995,123.71858974358975,4.838709677419355,8.416129032258066,65.2258064516129,28.0,13.0,488.4
6,2019-08-01,408.927,131.06634615384615,4.838709677419355,8.464516129032255,65.74193548387096,25.0,15.0,403.0999999999999
6,2019-09-01,350.92500000000007,112.47596153846153,4.066666666666666,7.730000000000002,69.63333333333334,25.0,0.0,556.0
6,2019-10-01,262.182,84.03269230769229,4.258064516129032,8.251612903225805,66.7741935483871,25.0,14.0,533.4
6,2019-11-01,322.52299999999997,103.37275641025641,4.7,9.569999999999997,45.666666666666664,28.0,13.0,151.89999999999998
6,2019-12-01,329.0529999999999,105.46570512820513,5.516129032258065,10.909677419354841,11.548387096774194,29.0,12.0,4.899999999999999
6,2020-01-01,331.148,106.13717948717947,5.290322580645161,10.699999999999996,17.70967741935484,30.0,13.0,19.0
6,2020-02-01,331.95,106.39423076923079,5.931034482758621,11.05517241379311,11.862068965517242,38.0,14.0,10.3
6,2020-03-01,419.696,134.51794871794868,6.516129032258065,11.46451612903226,15.161290322580646,37.0,15.0,30.8
6,2020-04-01,360.526,115.55320512820514,6.666666666666667,10.746666666666668,22.933333333333334,38.0,19.0,74.39999999999999
6,2020-05-01,166.77399999999992,53.45320512820513,6.428571428571429,10.38095238095238,33.0,34.0,20.0,42.50000000000001
6,2020-06-01,138.39299999999997,44.35673076923076,5.0,8.099999999999998,66.14285714285714,29.0,14.0,208.4
6,2020-07-01,277.358,88.89679487179487,5.0,8.108,66.24,28.0,16.0,412.20000000000005
7,2016-12-01,9.5491768,3.0606335897435897,4.0,11.0,7.0,20.0,8.0,0.0
7,2017-01-01,347.79896129999986,111.47402605769231,3.935483870967742,11.083870967741932,3.0,23.0,2.0,0.0
7,2017-02-01,311.9314906999999,99.97804189102564,4.107142857142857,11.360714285714293,3.9285714285714284,26.0,5.0,0.5
7,2017-03-01,409.52044880000005,131.25655410256405,4.451612903225806,11.600000000000003,8.774193548387096,26.0,6.0,11.699999999999998
7,2017-04-01,428.7905614,137.4328722435897,4.933333333333334,11.556666666666668,8.033333333333333,29.0,7.0,6.499999999999999
7,2017-05-01,406.2724372999999,130.21552477564103,5.290322580645161,11.600000000000003,10.741935483870968,29.0,10.0,23.199999999999996
7,2017-06-01,407.8818443999999,130.7313603846154,5.0,11.600000000000001,16.6,27.0,8.0,47.39999999999999
7,2017-07-01,375.96769670000003,120.50246689102566,4.838709677419355,11.4741935483871,26.612903225806452,25.0,9.0,119.19999999999997
7,2017-08-01,378.8504547,121.42642778846152,5.0,11.293548387096774,24.93548387096774,26.0,12.0,138.29999999999998
7,2017-09-01,318.61227249999996,102.11931810897437,4.933333333333334,11.506666666666668,32.733333333333334,26.0,9.0,79.39999999999998
7,2017-10-01,361.36937080000007,115.82351628205124,4.774193548387097,11.600000000000003,18.193548387096776,24.0,8.0,17.7
7,2017-11-01,433.66009849999995,138.99362131410254,4.433333333333334,11.229999999999999,5.4,24.0,6.0,0.7999999999999999
7,2017-12-01,359.4490514,115.20802929487182,4.387096774193548,10.98709677419355,4.645161290322581,23.0,4.0,0.2
7,2018-01-01,306.9821736999999,98.39172233974358,4.096774193548387,11.04516129032258,8.451612903225806,23.0,3.0,2.0000000000000004
7,2018-02-01,348.72149499999995,111.76970993589742,4.892857142857143,11.132142857142863,11.142857142857142,25.0,9.0,17.999999999999996
7,2018-03-01,443.35269539999996,142.1002228846154,5.225806451612903,11.554838709677423,5.645161290322581,27.0,11.0,6.299999999999999
7,2018-04-01,289.4584803,92.7751539423077,5.285714285714286,11.599999999999996,7.761904761904762,26.0,12.0,20.099999999999998
7,2018-05-01,477.2193193000001,152.95491003205126,5.645161290322581,11.600000000000003,9.935483870967742,30.0,13.0,40.800000000000004
7,2018-06-01,359.51192910000015,115.22818240384616,5.066666666666666,11.600000000000001,23.566666666666666,27.0,13.0,117.70000000000003
7,2018-07-01,429.67073320000003,137.71497858974362,5.064516129032258,11.600000000000003,15.483870967741936,27.0,12.0,87.70000000000005
7,2018-08-01,383.0117685,122.76018221153846,5.0,11.600000000000003,23.516129032258064,25.0,12.0,126.39999999999998
7,2018-09-01,368.3752800999999,118.06900003205126,5.0,11.600000000000001,20.1,26.0,12.0,79.3
7,2018-10-01,319.1026643,102.27649496794871,5.0,11.600000000000003,23.032258064516128,24.0,11.0,51.900000000000006
7,2018-11-01,348.20586240000006,111.60444307692308,4.7,11.163333333333332,14.366666666666667,24.0,6.0,21.899999999999995
7,2018-12-01,374.9576676,120.17873961538461,4.580645161290323,10.98709677419355,8.548387096774194,23.0,6.0,2.7000000000000006
7,2019-01-01,367.45553820000003,117.77421096153847,4.387096774193548,10.987096774193546,13.516129032258064,23.0,3.0,9.6
7,2019-02-01,381.04276359999994,122.12909089743587,5.178571428571429,11.157142857142862,15.071428571428571,32.0,7.0,12.3
7,2019-03-01,457.9775743,146.7876840705128,5.741935483870968,11.103225806451617,17.258064516129032,33.0,10.0,17.099999999999998
7,2019-04-01,416.0362051,133.3449375320513,6.333333333333333,11.196666666666667,20.133333333333333,34.0,13.0,39.800000000000004
7,2019-05-01,449.19201180000005,143.97179865384615,6.483870967741935,10.841935483870964,34.45161290322581,34.0,18.0,56.5
7,2019-06-01,382.12470750000006,122.47586778846153,5.1,9.093333333333335,57.06666666666667,34.0,13.0,272.7
7,2019-07-01,400.0204934800002,128.21169662820512,4.903225806451613,8.370967741935486,66.19354838709677,29.0,13.0,448.8999999999999
7,2019-08-01,388.4031248599998,124.48818104487182,5.032258064516129,9.058064516129031,59.29032258064516,28.0,13.0,342.1000000000001
7,2019-09-01,345.02789012000005,110.58586221794866,4.566666666666666,8.973333333333333,62.36666666666667,30.0,0.0,358.2000000000001
7,2019-10-01,368.26789193000013,118.03458074679489,4.483870967741935,9.306451612903226,57.483870967741936,28.0,11.0,258.8
7,2019-11-01,391.70257021000003,125.54569558012814,4.966666666666667,10.623333333333331,34.4,31.0,11.0,49.00000000000001
7,2019-12-01,356.9845578700002,114.41812752243597,5.096774193548387,10.748387096774193,11.387096774193548,29.0,9.0,1.9
7,2020-01-01,98.85982581,31.68584160576924,4.777777777777778,10.11111111111111,18.555555555555557,28.0,8.0,0.30000000000000004
7,2020-02-01,88.61099999999999,28.400961538461537,5.5,11.566666666666668,8.833333333333334,32.0,10.0,0.2
7,2020-03-01,482.34000000000003,154.59615384615384,6.161290322580645,11.46451612903226,17.032258064516128,36.0,11.0,47.0
7,2020-04-01,447.54100000000005,143.4426282051282,6.033333333333333,10.650000000000002,33.46666666666667,35.0,15.0,90.9
7,2020-05-01,462.466,148.22628205128206,6.129032258064516,11.029032258064522,26.741935483870968,35.0,13.0,136.99999999999997
7,2020-06-01,454.881,145.7951923076923,5.433333333333334,10.020000000000005,43.733333333333334,32.0,13.0,146.9
7,2020-07-01,365.593,117.17724358974358,5.08,8.976,58.96,30.0,14.0,278.3
11,2017-02-01,635.092,152.66634615384612,4.136363636363637,11.399999999999999,2.6363636363636362,26.0,5.0,0.1
11,2017-03-01,325.727,78.2997596153846,4.230769230769231,11.599999999999996,10.384615384615385,22.0,8.0,7.7
11,2017-04-01,243.22445299999998,58.46741658653846,5.090909090909091,11.481818181818179,8.545454545454545,29.0,9.0,0.2
11,2017-05-01,618.4052070999999,148.65509786057697,5.290322580645161,11.600000000000003,10.741935483870968,29.0,10.0,23.199999999999996
11,2017-06-01,612.9985752999999,147.3554267548077,5.0,11.600000000000001,16.6,27.0,8.0,47.39999999999999
11,2017-07-01,578.1070714,138.96804600961536,4.838709677419355,11.4741935483871,26.612903225806452,25.0,9.0,119.19999999999997
11,2017-08-01,575.4484598999999,138.32895670673076,5.0,11.293548387096774,24.93548387096774,26.0,12.0,138.29999999999998
11,2017-09-01,452.1865924,108.69870009615383,4.933333333333334,11.506666666666668,32.733333333333334,26.0,9.0,79.39999999999998
11,2017-10-01,533.7483734,128.30489745192307,4.774193548387097,11.600000000000003,18.193548387096776,24.0,8.0,17.7
11,2017-11-01,615.9398772,148.06247048076924,4.433333333333334,11.229999999999999,5.4,24.0,6.0,0.7999999999999999
11,2017-12-01,505.34857630000005,121.47802314903846,4.387096774193548,10.98709677419355,4.645161290322581,23.0,4.0,0.2
11,2018-01-01,454.1700318999999,109.1754884375,4.096774193548387,11.041935483870967,8.451612903225806,23.0,3.0,2.0000000000000004
11,2018-02-01,520.6850097999999,125.1646658173077,4.892857142857143,11.132142857142863,11.142857142857142,25.0,9.0,17.999999999999996
11,2018-03-01,677.3870634,162.833428701923,5.225806451612903,11.554838709677423,5.645161290322581,27.0,11.0,6.299999999999999
11,2018-04-01,605.2306508,145.4881372115385,5.433333333333334,11.600000000000001,8.266666666666667,27.0,12.0,32.099999999999994
11,2018-05-01,704.3804423000001,169.32222170673083,5.645161290322581,11.600000000000003,9.935483870967742,30.0,13.0,40.800000000000004
11,2018-06-01,467.40945949999997,112.3580431490385,5.076923076923077,11.599999999999998,24.692307692307693,27.0,13.0,99.80000000000001
11,2018-07-01,615.2192366,147.8892395673077,5.068965517241379,11.600000000000001,15.344827586206897,27.0,12.0,81.60000000000002
11,2018-08-01,572.2542070000001,137.56110745192308,5.0,11.600000000000003,23.516129032258064,25.0,12.0,126.39999999999998
11,2018-09-01,548.0725185000001,131.7482015625,5.0,11.600000000000001,20.1,26.0,12.0,79.3
11,2018-10-01,489.8458714000001,117.75141139423074,5.0,11.600000000000003,23.032258064516128,24.0,11.0,51.900000000000006
11,2018-11-01,512.0063089,123.07843963942308,4.7,11.163333333333332,14.366666666666667,24.0,6.0,21.899999999999995
11,2018-12-01,539.3114701000002,129.6421803125,4.580645161290323,10.98709677419355,8.548387096774194,23.0,6.0,2.7000000000000006
11,2019-01-01,562.5503583,135.22845151442306,4.387096774193548,10.987096774193546,13.516129032258064,23.0,3.0,9.6
11,2019-02-01,579.9633858,139.4142754326923,5.178571428571429,11.157142857142862,15.071428571428571,32.0,7.0,12.3
11,2019-03-01,678.7118476999999,163.15188646634616,5.741935483870968,11.100000000000003,17.258064516129032,33.0,10.0,17.099999999999998
11,2019-04-01,647.2955372000001,155.59988875000002,6.333333333333333,11.196666666666667,20.133333333333333,34.0,13.0,39.800000000000004
11,2019-05-01,671.9775108,161.5330554807692,6.483870967741935,10.841935483870964,34.45161290322581,34.0,18.0,56.5
11,2019-06-01,564.6582371999998,135.73515317307692,5.1,9.093333333333335,57.06666666666667,34.0,13.0,272.7
11,2019-07-01,592.6779051,142.4706502644231,4.903225806451613,8.370967741935486,66.19354838709677,29.0,13.0,448.8999999999999
11,2019-08-01,654.2062521000001,157.2611182932692,5.032258064516129,9.058064516129031,59.29032258064516,28.0,13.0,342.1000000000001
11,2019-09-01,557.6185224,134.04291403846153,4.566666666666666,8.973333333333333,62.36666666666667,30.0,0.0,358.2000000000001
11,2019-10-01,521.7926103999998,125.43091596153846,4.483870967741935,9.306451612903226,57.483870967741936,28.0,11.0,258.8
11,2019-11-01,535.658496,128.7640615384615,4.966666666666667,10.623333333333331,34.4,31.0,11.0,49.00000000000001
11,2019-12-01,504.2018679,121.20237209134613,5.096774193548387,10.748387096774193,11.387096774193548,29.0,9.0,1.9
11,2020-01-01,526.1991776,126.4901869230769,4.67741935483871,10.41290322580645,24.387096774193548,28.0,8.0,30.500000000000004
11,2020-02-01,595.7489179,143.20887449519233,5.517241379310345,11.134482758620695,13.068965517241379,32.0,10.0,8.5
11,2020-03-01,683.5128214000001,164.30596668269234,6.161290322580645,11.46451612903226,17.032258064516128,36.0,11.0,47.0
11,2020-04-01,641.261873,154.1494887019231,6.033333333333333,10.650000000000002,33.46666666666667,35.0,15.0,90.9
11,2020-05-01,666.5383110000001,160.22555552884614,6.129032258064516,11.029032258064522,26.741935483870968,35.0,13.0,136.99999999999997
11,2020-06-01,643.716132,154.73945480769228,5.433333333333334,10.020000000000005,43.733333333333334,32.0,13.0,146.9
11,2020-07-01,526.941543,126.66864014423079,5.08,8.976,58.96,30.0,14.0,278.3
12,2017-02-01,38.2590195,5.659618269230769,5.0,11.6,1.0,26.0,9.0,0.0
12,2017-03-01,995.4790761999999,147.26021837278108,4.806451612903226,11.600000000000003,6.612903225806452,26.0,7.0,32.9
12,2017-04-01,948.7060546999999,140.341132352071,5.0,11.556666666666668,7.433333333333334,29.0,8.0,35.4
12,2017-05-01,887.7479883999999,131.32366692307696,5.290322580645161,11.600000000000003,11.193548387096774,28.0,11.0,77.39999999999998
12,2017-06-01,916.0098497,135.5044156360947,4.933333333333334,11.600000000000001,16.433333333333334,26.0,10.0,112.49999999999997
12,2017-07-01,822.4654804999999,121.66649119822486,5.0,11.558064516129036,24.225806451612904,25.0,9.0,185.0
12,2017-08-01,838.5202879,124.04146270710058,4.935483870967742,11.33548387096774,25.419354838709676,25.0,12.0,173.39999999999995
12,2017-09-01,676.5333232999998,100.07889397928996,4.933333333333334,11.553333333333336,31.4,24.0,9.0,118.80000000000001
12,2017-10-01,802.4622861,118.70743877218938,4.903225806451613,11.600000000000003,15.064516129032258,24.0,8.0,32.699999999999996
12,2017-11-01,989.9098906000002,146.4363743491124,4.533333333333333,11.233333333333333,4.333333333333333,25.0,7.0,0.5
12,2017-12-01,827.1720156000001,122.36272420118341,4.354838709677419,11.0,3.7419354838709675,22.0,5.0,1.3
12,2018-01-01,712.8159017000002,105.4461393047337,4.096774193548387,11.051612903225804,7.290322580645161,22.0,5.0,4.5
12,2018-02-01,806.65801,119.32810798816567,4.857142857142857,11.075000000000006,10.464285714285714,26.0,10.0,8.2
12,2018-03-01,998.9575840000001,147.77479053254436,5.096774193548387,11.600000000000003,5.096774193548387,27.0,11.0,8.9
12,2018-04-01,853.4001425000001,126.24262463017753,5.366666666666666,11.600000000000001,7.966666666666667,28.0,12.0,50.300000000000004
12,2018-05-01,1025.34826,151.67873668639047,5.709677419354839,11.600000000000003,9.290322580645162,31.0,13.0,66.0
12,2018-06-01,801.9336520999999,118.62923847633134,5.033333333333333,11.560000000000002,24.5,26.0,13.0,147.7
12,2018-07-01,940.1541798,139.07606210059168,4.967741935483871,11.600000000000003,14.419354838709678,26.0,12.0,108.3
12,2018-08-01,820.120425,121.31958949704142,5.0,11.600000000000003,22.838709677419356,24.0,12.0,154.3
12,2018-09-01,818.0692186999999,121.01615661242603,5.0,11.600000000000001,20.0,24.0,11.0,109.99999999999999
12,2018-10-01,724.1661978000001,107.12517718934912,5.0,11.600000000000003,21.032258064516128,23.0,11.0,58.6
12,2018-11-01,788.2536367,116.6055675591716,4.666666666666667,11.233333333333333,13.1,24.0,7.0,14.7
12,2018-12-01,839.4205509000001,124.17463770710064,4.32258064516129,10.98709677419355,8.064516129032258,22.0,6.0,3.6000000000000005
12,2019-01-01,884.5918359,130.8567804585799,4.419354838709677,10.809677419354836,12.548387096774194,22.0,3.0,7.4
12,2019-02-01,882.0510117,130.4809188905326,5.142857142857143,11.21071428571429,14.5,30.0,8.0,27.699999999999996
12,2019-03-01,1014.0952461999999,150.01408967455623,5.290322580645161,11.012903225806454,19.032258064516128,31.0,8.0,30.400000000000002
12,2019-04-01,930.6722771,137.67341377218932,5.6,11.013333333333332,20.966666666666665,33.0,10.0,46.7
12,2019-05-01,962.6110019000002,142.39807720414206,5.741935483870968,10.696774193548388,36.193548387096776,32.0,14.0,121.2
12,2019-06-01,842.4744483000003,124.6263976775148,4.566666666666666,9.55,54.4,29.0,9.0,310.80000000000007
12,2019-07-01,888.5349999999999,131.44008875739647,4.096774193548387,8.37741935483871,65.03225806451613,26.0,9.0,548.8000000000001
12,2019-08-01,990.1180000000003,146.4671597633136,4.225806451612903,8.72258064516129,61.74193548387097,26.0,9.0,395.9000000000001
12,2019-09-01,832.562,123.16005917159762,3.966666666666667,8.233333333333333,64.4,29.0,0.0,373.6
12,2019-10-01,800.432,118.407100591716,3.935483870967742,8.806451612903226,63.38709677419355,25.0,8.0,312.5
12,2019-11-01,821.5009999999999,121.52381656804735,4.366666666666666,9.879999999999997,40.266666666666666,28.0,7.0,97.10000000000001
12,2019-12-01,788.5070000000001,116.64304733727809,4.548387096774194,10.735483870967743,12.290322580645162,26.0,6.0,4.7
12,2020-01-01,820.9930000000002,121.44866863905327,4.129032258064516,10.283870967741931,23.580645161290324,26.0,5.0,41.00000000000001
12,2020-02-01,964.039,142.60931952662722,5.103448275862069,11.141379310344835,12.413793103448276,31.0,6.0,9.100000000000001
12,2020-03-01,1063.5370000000003,157.32795857988165,5.419354838709677,11.3741935483871,16.419354838709676,33.0,6.0,41.0
12,2020-04-01,926.313,137.028550295858,5.3,10.616666666666667,30.266666666666666,32.0,11.0,127.6
12,2020-05-01,964.9860000000002,142.74940828402364,5.225806451612903,10.538709677419359,36.87096774193548,29.0,10.0,162.79999999999995
12,2020-06-01,974.3350000000002,144.1323964497042,4.9,9.620000000000003,49.333333333333336,30.0,9.0,244.29999999999998
12,2020-07-01,770.8309999999998,114.0282544378698,4.28,8.376,63.4,27.0,10.0,369.30000000000007
13,2018-05-01,2.962,0.34929245283018867,6.0,11.6,4.0,27.0,15.0,0.0
13,2018-06-01,845.1980000000001,99.66957547169812,5.071428571428571,11.6,24.607142857142858,27.0,13.0,117.00000000000003
13,2018-07-01,850.2789999999999,100.26875,5.086956521739131,11.599999999999996,16.652173913043477,27.0,12.0,68.90000000000002
13,2018-08-01,1028.8929999999998,121.33172169811318,5.0,11.600000000000001,23.666666666666668,25.0,12.0,124.39999999999998
13,2018-09-01,860.376,101.45943396226413,5.0,11.6,20.925925925925927,26.0,12.0,74.3
13,2018-10-01,866.1940000000001,102.14551886792452,5.0,11.600000000000003,23.032258064516128,24.0,11.0,51.900000000000006
13,2018-11-01,828.5619999999999,97.70778301886791,4.7,11.163333333333332,14.366666666666667,24.0,6.0,21.899999999999995
13,2018-12-01,941.6780000000001,111.04693396226413,4.580645161290323,10.98709677419355,8.548387096774194,23.0,6.0,2.7000000000000006
13,2019-01-01,1011.2070000000001,119.246108490566,4.387096774193548,10.987096774193546,13.516129032258064,23.0,3.0,9.6
13,2019-02-01,920.286,108.52429245283017,5.12,11.136000000000003,16.88,32.0,7.0,12.3
13,2019-03-01,1259.4009999999998,148.51426886792453,5.741935483870968,11.103225806451617,17.258064516129032,33.0,10.0,17.099999999999998
13,2019-04-01,1219.663,143.82818396226415,6.333333333333333,11.196666666666667,20.133333333333333,34.0,13.0,39.800000000000004
13,2019-05-01,1311.8210000000001,154.69587264150945,6.483870967741935,10.841935483870964,34.45161290322581,34.0,18.0,56.5
13,2019-06-01,1066.8289999999997,125.80530660377359,5.1,9.093333333333335,57.06666666666667,34.0,13.0,272.7
13,2019-07-01,1102.4099999999999,130.001179245283,4.903225806451613,8.370967741935486,66.19354838709677,29.0,13.0,448.8999999999999
13,2019-08-01,1230.631,145.12158018867922,5.032258064516129,9.058064516129031,59.29032258064516,28.0,13.0,342.1000000000001
13,2019-09-01,989.0019999999998,116.62759433962265,4.566666666666666,8.973333333333333,62.36666666666667,30.0,0.0,358.2000000000001
13,2019-10-01,931.9699999999998,109.90212264150942,4.483870967741935,9.306451612903226,57.483870967741936,28.0,11.0,258.8
13,2019-11-01,916.7199999999997,108.10377358490565,4.966666666666667,10.623333333333331,34.4,31.0,11.0,49.00000000000001
13,2019-12-01,921.219,108.63431603773583,5.096774193548387,10.761290322580646,11.387096774193548,29.0,9.0,1.9
13,2020-01-01,936.2010000000002,110.40106132075468,4.67741935483871,10.41612903225806,24.387096774193548,28.0,8.0,30.500000000000004
13,2020-02-01,1094.136,129.0254716981132,5.517241379310345,11.134482758620695,13.068965517241379,32.0,10.0,8.5
13,2020-03-01,1248.44,147.22169811320754,6.161290322580645,11.46451612903226,17.032258064516128,36.0,11.0,47.0
13,2020-04-01,1129.8139999999999,133.23278301886793,6.033333333333333,10.650000000000002,33.46666666666667,35.0,15.0,90.9
13,2020-05-01,1221.112,143.9990566037736,6.129032258064516,11.029032258064522,26.741935483870968,35.0,13.0,136.99999999999997
13,2020-06-01,1196.4109999999998,141.08620283018865,5.433333333333334,10.020000000000005,43.733333333333334,32.0,13.0,146.9
13,2020-07-01,959.4790000000002,113.14610849056602,5.08,8.976,58.96,30.0,14.0,278.3
14,2017-03-01,289.40433740000003,61.83853363247864,4.9411764705882355,11.599999999999996,5.352941176470588,26.0,7.0,14.700000000000001
14,2017-04-01,579.1812743,123.75668254273505,5.0,11.556666666666668,7.433333333333334,29.0,8.0,35.4
14,2017-05-01,563.8142742000001,120.47313551282053,5.290322580645161,11.600000000000003,11.193548387096774,28.0,11.0,77.39999999999998
14,2017-06-01,463.42086689999996,99.02155275641029,4.933333333333334,11.600000000000001,16.433333333333334,26.0,10.0,112.49999999999997
14,2017-07-01,472.96815029999993,101.0615705769231,5.0,11.558064516129036,24.225806451612904,25.0,9.0,185.0
14,2017-08-01,450.99152030000005,96.36570946581196,4.935483870967742,11.33548387096774,25.419354838709676,25.0,12.0,173.39999999999995
14,2017-09-01,365.345375,78.06525106837606,4.923076923076923,11.546153846153846,30.384615384615383,24.0,9.0,95.0
14,2017-10-01,458.85828240000006,98.04664153846157,4.903225806451613,11.600000000000003,15.064516129032258,24.0,8.0,32.699999999999996
14,2017-11-01,302.541808,64.64568547008548,4.533333333333333,11.22,4.333333333333333,25.0,7.0,0.5
14,2017-12-01,517.1609472,110.5044758974359,4.354838709677419,10.98709677419355,3.7419354838709675,22.0,5.0,1.3
14,2018-01-01,470.39776749999993,100.51234348290599,4.096774193548387,11.048387096774192,7.290322580645161,22.0,5.0,4.5
14,2018-02-01,432.93896689999997,92.50832626068376,4.857142857142857,11.08571428571429,10.464285714285714,26.0,10.0,8.2
14,2018-03-01,533.5170782,113.99937568376066,5.096774193548387,11.600000000000003,5.096774193548387,27.0,11.0,8.9
14,2018-04-01,482.43070420000004,103.08348380341882,5.366666666666666,11.600000000000001,7.966666666666667,28.0,12.0,50.300000000000004
14,2018-05-01,546.8280923000001,116.84360946581198,5.709677419354839,11.600000000000003,9.290322580645162,31.0,13.0,66.0
14,2018-06-01,422.65471090000005,90.31083566239316,5.033333333333333,11.560000000000002,24.5,26.0,13.0,147.7
14,2018-07-01,521.4705186000001,111.42532448717951,4.967741935483871,11.600000000000003,14.419354838709678,26.0,12.0,108.3
14,2018-08-01,442.0841237000001,94.46241959401709,5.0,11.600000000000003,22.838709677419356,24.0,12.0,154.3
14,2018-09-01,505.19928329999993,107.94856480769229,5.0,11.600000000000001,20.0,24.0,11.0,109.99999999999999
14,2018-10-01,487.02038579999993,104.06418500000002,5.0,11.600000000000003,21.032258064516128,23.0,11.0,58.6
14,2018-11-01,485.5990413999999,103.76047893162394,4.666666666666667,11.223333333333334,13.1,24.0,7.0,14.7
14,2018-12-01,480.8015104,102.73536547008547,4.32258064516129,10.98709677419355,8.064516129032258,22.0,6.0,3.6000000000000005
14,2019-01-01,496.6318311,106.11791262820515,4.419354838709677,10.812903225806448,12.548387096774194,22.0,3.0,7.4
14,2019-02-01,491.60428220000017,105.04365004273505,5.142857142857143,11.21428571428572,14.5,30.0,8.0,27.699999999999996
14,2019-03-01,537.5264425,114.85607745726496,5.290322580645161,11.009677419354842,19.032258064516128,31.0,8.0,30.400000000000002
14,2019-04-01,496.83046580000007,106.16035594017096,5.6,11.013333333333332,20.966666666666665,33.0,10.0,46.7
14,2019-05-01,492.46846510000006,105.22830450854703,5.741935483870968,10.703225806451613,36.193548387096776,32.0,14.0,121.2
14,2019-06-01,417.40764283000016,89.18966727136758,4.566666666666666,9.55,54.4,29.0,9.0,310.80000000000007
14,2019-07-01,487.99447304000023,104.27232329914524,4.096774193548387,8.374193548387096,65.03225806451613,26.0,9.0,548.8000000000001
14,2019-08-01,455.12153275000037,97.24819075854707,4.225806451612903,8.725806451612902,61.74193548387097,26.0,9.0,395.9000000000001
14,2019-09-01,474.89377155,101.47302810897436,3.966666666666667,8.233333333333333,64.4,29.0,0.0,373.6
14,2019-10-01,487.8080983999999,104.23249965811968,3.935483870967742,8.803225806451612,63.38709677419355,25.0,8.0,312.5
14,2019-11-01,434.0412307000001,92.74385271367522,4.366666666666666,9.869999999999997,40.266666666666666,28.0,7.0,97.10000000000001
14,2019-12-01,423.2618853999999,90.4405738034188,4.548387096774194,10.72258064516129,12.290322580645162,26.0,6.0,4.7
14,2020-01-01,398.9089121000001,85.23694702991456,4.129032258064516,10.283870967741931,23.580645161290324,26.0,5.0,41.00000000000001
14,2020-02-01,437.54450750000007,93.49241613247865,5.103448275862069,11.144827586206903,12.413793103448276,31.0,6.0,9.100000000000001
14,2020-03-01,434.2765459,92.79413373931625,5.419354838709677,11.3741935483871,16.419354838709676,33.0,6.0,41.0
14,2020-04-01,245.6386564,52.4868923931624,5.052631578947368,10.189473684210526,40.36842105263158,29.0,11.0,119.69999999999999
14,2020-05-01,400.06737969999995,85.48448284188034,5.225806451612903,10.545161290322582,36.87096774193548,29.0,10.0,162.79999999999995
14,2020-06-01,368.67500519999993,78.77671051282053,4.9,9.623333333333335,49.333333333333336,30.0,9.0,244.29999999999998
14,2020-07-01,304.0507026,64.96809884615386,4.291666666666667,8.4,63.375,27.0,10.0,362.70000000000005
15,2019-01-01,232.2949493,39.844759742710124,4.8,11.16,3.0,21.0,6.0,0.0
15,2019-02-01,655.6454266000002,112.46062205831905,5.142857142857143,11.21071428571429,14.5,30.0,8.0,27.699999999999996
15,2019-03-01,822.2075641,141.03045696397942,5.290322580645161,11.009677419354842,19.032258064516128,31.0,8.0,30.400000000000002
15,2019-04-01,788.9507245999998,135.3260248027444,5.6,11.013333333333332,20.966666666666665,33.0,10.0,46.7
15,2019-05-01,824.6079138000001,141.442180754717,5.741935483870968,10.700000000000001,36.193548387096776,32.0,14.0,121.2
15,2019-06-01,713.1072618000001,122.31685451114923,4.566666666666666,9.55,54.4,29.0,9.0,310.80000000000007
15,2019-07-01,713.3824156000001,122.36405070325902,4.096774193548387,8.37741935483871,65.03225806451613,26.0,9.0,548.8000000000001
15,2019-08-01,525.9714706999999,90.21809102915951,4.086956521739131,8.626086956521737,60.391304347826086,26.0,9.0,302.0000000000001
15,2019-09-01,651.2210646,111.70172634648368,3.966666666666667,8.233333333333333,64.4,29.0,0.0,373.6
15,2019-10-01,622.9948657,106.86018279588338,3.935483870967742,8.806451612903226,63.38709677419355,25.0,8.0,312.5
15,2019-11-01,595.5033485,102.14465668953687,4.366666666666666,9.883333333333331,40.266666666666666,28.0,7.0,97.10000000000001
15,2019-12-01,553.7888075000002,94.9895038593482,4.548387096774194,10.72258064516129,12.290322580645162,26.0,6.0,4.7
15,2020-01-01,564.8408562999999,96.88522406518013,4.129032258064516,10.283870967741931,23.580645161290324,26.0,5.0,41.00000000000001
15,2020-02-01,663.5616401000001,113.81846313893655,5.103448275862069,11.137931034482765,12.413793103448276,31.0,6.0,9.100000000000001
15,2020-03-01,784.3539130999999,134.5375494168096,5.419354838709677,11.3741935483871,16.419354838709676,33.0,6.0,41.0
15,2020-04-01,792.721578,135.97282641509432,5.3,10.616666666666667,30.266666666666666,32.0,11.0,127.6
15,2020-05-01,826.6510364000001,141.79263060034302,5.225806451612903,10.54193548387097,36.87096774193548,29.0,10.0,162.79999999999995
15,2020-06-01,418.18869199999995,71.73047890222985,4.705882352941177,9.041176470588235,54.05882352941177,29.0,10.0,161.4
15,2020-07-01,655.1682119999999,112.37876706689536,4.28,8.376,63.4,27.0,10.0,369.30000000000007
16,2017-07-01,224.61776969999997,94.37721415966386,4.904761904761905,11.538095238095234,22.714285714285715,25.0,9.0,73.59999999999997
16,2017-08-01,314.8202529999999,132.27741722689075,5.0,11.293548387096774,24.93548387096774,26.0,12.0,138.29999999999998
16,2017-09-01,255.42597739999997,107.32183924369748,4.933333333333334,11.506666666666668,32.733333333333334,26.0,9.0,79.39999999999998
16,2017-10-01,307.4259576,129.17057042016808,4.774193548387097,11.600000000000003,18.193548387096776,24.0,8.0,17.7
16,2017-11-01,363.33567569999997,152.66204861344536,4.433333333333334,11.243333333333332,5.4,24.0,6.0,0.7999999999999999
16,2017-12-01,296.186377,124.44805756302522,4.387096774193548,10.98709677419355,4.645161290322581,23.0,4.0,0.2
16,2018-01-01,262.02966119999996,110.09649630252103,4.096774193548387,11.041935483870967,8.451612903225806,23.0,3.0,2.0000000000000004
16,2018-02-01,298.73366990000005,125.51834869747903,4.892857142857143,11.132142857142863,11.142857142857142,25.0,9.0,17.999999999999996
16,2018-03-01,389.51720689999996,163.66269197478994,5.225806451612903,11.554838709677423,5.645161290322581,27.0,11.0,6.299999999999999
16,2018-04-01,337.11511350000006,141.64500567226895,5.433333333333334,11.600000000000001,8.266666666666667,27.0,12.0,32.099999999999994
16,2018-05-01,402.2065046,168.99432966386556,5.645161290322581,11.600000000000003,9.935483870967742,30.0,13.0,40.800000000000004
16,2018-06-01,313.51873830000005,131.73056231092434,5.066666666666666,11.600000000000001,23.566666666666666,27.0,13.0,117.70000000000003
16,2018-07-01,381.69712180000005,160.3769419327731,5.064516129032258,11.600000000000003,15.483870967741936,27.0,12.0,87.70000000000005
16,2018-08-01,322.2190452000001,135.38615344537814,5.0,11.600000000000003,23.516129032258064,25.0,12.0,126.39999999999998
16,2018-09-01,317.0754366,133.22497336134455,5.0,11.600000000000001,20.1,26.0,12.0,79.3
16,2018-10-01,280.80363289999997,117.98471970588237,5.0,11.600000000000003,23.032258064516128,24.0,11.0,51.900000000000006
16,2018-11-01,298.01209800000004,125.21516722689077,4.7,11.163333333333332,14.366666666666667,24.0,6.0,21.899999999999995
16,2018-12-01,309.50657240000004,130.04477831932775,4.580645161290323,10.98709677419355,8.548387096774194,23.0,6.0,2.7000000000000006
16,2019-01-01,331.25345460000005,139.18212378151256,4.387096774193548,10.987096774193546,13.516129032258064,23.0,3.0,9.6
16,2019-02-01,337.184227,141.6740449579832,5.178571428571429,11.157142857142862,15.071428571428571,32.0,7.0,12.3
16,2019-03-01,397.738888,167.11717983193276,5.741935483870968,11.100000000000003,17.258064516129032,33.0,10.0,17.099999999999998
16,2019-04-01,374.53404259999996,157.367244789916,6.333333333333333,11.196666666666667,20.133333333333333,34.0,13.0,39.800000000000004
16,2019-05-01,386.748755,162.49947689075634,6.483870967741935,10.83870967741935,34.45161290322581,34.0,18.0,56.5
16,2019-06-01,324.19585689999997,136.21674659663864,5.1,9.093333333333335,57.06666666666667,34.0,13.0,272.7
16,2019-07-01,334.6776997,140.62088222689076,4.903225806451613,8.370967741935486,66.19354838709677,29.0,13.0,448.8999999999999
16,2019-08-01,378.37842299999994,158.98253067226892,5.032258064516129,9.058064516129031,59.29032258064516,28.0,13.0,342.1000000000001
16,2019-09-01,328.16075150000006,137.88266869747898,4.566666666666666,8.973333333333333,62.36666666666667,30.0,0.0,358.2000000000001
16,2019-10-01,302.40709960000004,127.06180655462185,4.483870967741935,9.306451612903226,57.483870967741936,28.0,11.0,258.8
16,2019-11-01,314.83269040000005,132.2826430252101,4.966666666666667,10.623333333333331,34.4,31.0,11.0,49.00000000000001
16,2019-12-01,306.46685389999993,128.7675856722689,5.096774193548387,10.748387096774193,11.387096774193548,29.0,9.0,1.9
16,2020-01-01,317.55222259999994,133.4253036134454,4.67741935483871,10.41290322580645,24.387096774193548,28.0,8.0,30.500000000000004
16,2020-02-01,354.4282436,148.9194300840336,5.517241379310345,11.134482758620695,13.068965517241379,32.0,10.0,8.5
16,2020-03-01,402.34931349999994,169.05433340336137,6.161290322580645,11.46451612903226,17.032258064516128,36.0,11.0,47.0
16,2020-04-01,365.06991999999997,153.39072268907566,6.033333333333333,10.650000000000002,33.46666666666667,35.0,15.0,90.9
16,2020-05-01,382.22945400000003,160.60061092436976,6.129032258064516,11.029032258064522,26.741935483870968,35.0,13.0,136.99999999999997
16,2020-06-01,380.0577063,159.68811189075635,5.433333333333334,10.020000000000005,43.733333333333334,32.0,13.0,146.9
16,2020-07-01,303.69122660000005,127.60135571428573,5.08,8.976,58.96,30.0,14.0,278.3
19,2018-06-01,116.19747170000001,43.848102528301894,5.0,11.599999999999998,19.9,25.0,14.0,45.800000000000004
19,2018-07-01,206.08914089999996,77.76948713207547,5.133333333333334,11.599999999999996,10.666666666666666,27.0,13.0,31.199999999999996
19,2018-08-01,359.51760679999984,135.66702143396228,5.0,11.600000000000003,23.516129032258064,25.0,12.0,126.39999999999998
19,2018-09-01,345.1216798,130.2345961509434,5.0,11.600000000000001,20.1,26.0,12.0,79.3
19,2018-10-01,306.4413435000001,115.63824283018867,5.0,11.600000000000003,23.032258064516128,24.0,11.0,51.900000000000006
19,2018-11-01,338.2379612,127.63696649056607,4.7,11.163333333333332,14.366666666666667,24.0,6.0,21.899999999999995
19,2018-12-01,365.9087986999999,138.07879196226415,4.580645161290323,10.98709677419355,8.548387096774194,23.0,6.0,2.7000000000000006
19,2019-01-01,377.8460351000001,142.5834094716981,4.387096774193548,10.987096774193546,13.516129032258064,23.0,3.0,9.6
19,2019-02-01,393.6470763,148.54606652830188,5.178571428571429,11.157142857142862,15.071428571428571,32.0,7.0,12.3
19,2019-03-01,457.15027050000003,172.5095360377359,5.741935483870968,11.100000000000003,17.258064516129032,33.0,10.0,17.099999999999998
19,2019-04-01,419.2851788,158.22082218867928,6.333333333333333,11.196666666666667,20.133333333333333,34.0,13.0,39.800000000000004
19,2019-05-01,426.144002,160.8090573584906,6.483870967741935,10.841935483870964,34.45161290322581,34.0,18.0,56.5
19,2019-06-01,340.73479679999997,128.57916860377355,5.1,9.093333333333335,57.06666666666667,34.0,13.0,272.7
19,2019-07-01,361.9971214,136.60268732075468,4.903225806451613,8.370967741935486,66.19354838709677,29.0,13.0,448.8999999999999
19,2019-08-01,414.0185593,156.2334186037736,5.032258064516129,9.058064516129031,59.29032258064516,28.0,13.0,342.1000000000001
19,2019-09-01,345.4891837,130.37327686792455,4.566666666666666,8.973333333333333,62.36666666666667,30.0,0.0,358.2000000000001
19,2019-10-01,333.39379410000004,125.80897890566038,4.483870967741935,9.306451612903226,57.483870967741936,28.0,11.0,258.8
19,2019-11-01,351.96083509999994,132.8154094716981,4.966666666666667,10.623333333333331,34.4,31.0,11.0,49.00000000000001
19,2019-12-01,352.937098,133.18381056603778,5.096774193548387,10.748387096774193,11.387096774193548,29.0,9.0,1.9
19,2020-01-01,361.2750619,136.33021203773586,4.67741935483871,10.41612903225806,24.387096774193548,28.0,8.0,30.500000000000004
19,2020-02-01,413.8807979,156.18143316981136,5.517241379310345,11.134482758620695,13.068965517241379,32.0,10.0,8.5
19,2020-03-01,449.1687045,169.49762433962266,6.161290322580645,11.46451612903226,17.032258064516128,36.0,11.0,47.0
19,2020-04-01,410.6352607,154.95670215094344,6.033333333333333,10.650000000000002,33.46666666666667,35.0,15.0,90.9
19,2020-05-01,417.98142490000004,157.72883958490567,6.129032258064516,11.029032258064522,26.741935483870968,35.0,13.0,136.99999999999997
19,2020-06-01,373.7820396,141.04982626415094,5.433333333333334,10.020000000000005,43.733333333333334,32.0,13.0,146.9
19,2020-07-01,329.5914700000001,124.37413962264152,5.08,8.976,58.96,30.0,14.0,278.3
20,2018-07-01,30.047308,9.448838993710691,5.0,11.6,11.0,25.0,13.0,4.0
20,2018-08-01,310.1182371,97.52145820754716,5.0,11.599999999999998,21.16,24.0,12.0,123.89999999999999
20,2018-09-01,402.0621621,126.43464216981133,5.0,11.600000000000001,20.0,24.0,11.0,109.99999999999999
20,2018-10-01,381.6358625,120.01127751572328,5.0,11.600000000000003,21.032258064516128,23.0,11.0,58.6
20,2018-11-01,428.25096800000006,134.6701157232704,4.666666666666667,11.23,13.1,24.0,7.0,14.7
20,2018-12-01,466.0077294000001,146.54331113207544,4.32258064516129,10.98709677419355,8.064516129032258,22.0,6.0,3.6000000000000005
20,2019-01-01,487.2809384,153.23299949685529,4.419354838709677,10.809677419354836,12.548387096774194,22.0,3.0,7.4
20,2019-02-01,474.74149990000006,149.2897798427673,5.142857142857143,11.21071428571429,14.5,30.0,8.0,27.699999999999996
20,2019-03-01,525.8845693999999,165.37250610062895,5.290322580645161,11.012903225806454,19.032258064516128,31.0,8.0,30.400000000000002
20,2019-04-01,465.49209270000006,146.3811612264151,5.6,11.013333333333332,20.966666666666665,33.0,10.0,46.7
20,2019-05-01,463.12731080000003,145.63751911949686,5.741935483870968,10.700000000000001,36.193548387096776,32.0,14.0,121.2
20,2019-06-01,396.08596040000003,124.55533345911951,4.566666666666666,9.55,54.4,29.0,9.0,310.80000000000007
20,2019-07-01,412.21352599999994,129.62689496855344,4.096774193548387,8.37741935483871,65.03225806451613,26.0,9.0,548.8000000000001
20,2019-08-01,465.1318833,146.26788783018864,4.225806451612903,8.72258064516129,61.74193548387097,26.0,9.0,395.9000000000001
20,2019-09-01,418.30527019999994,131.54253779874216,3.966666666666667,8.233333333333333,64.4,29.0,0.0,373.6
20,2019-10-01,428.0477573000001,134.6062129874214,3.935483870967742,8.806451612903226,63.38709677419355,25.0,8.0,312.5
20,2019-11-01,457.93880190000004,144.0059125471698,4.366666666666666,9.879999999999997,40.266666666666666,28.0,7.0,97.10000000000001
20,2019-12-01,453.99370110000007,142.7653148113208,4.548387096774194,10.72258064516129,12.290322580645162,26.0,6.0,4.7
20,2020-01-01,449.5738676000001,141.37543006289312,4.129032258064516,10.283870967741931,23.580645161290324,26.0,5.0,41.00000000000001
20,2020-02-01,500.6936675,157.450838836478,5.103448275862069,11.141379310344835,12.413793103448276,31.0,6.0,9.100000000000001
20,2020-03-01,532.6295193,167.49355952830186,5.419354838709677,11.3741935483871,16.419354838709676,33.0,6.0,41.0
20,2020-04-01,471.2202186999999,148.18245871069183,5.3,10.616666666666667,30.266666666666666,32.0,11.0,127.6
20,2020-05-01,467.3789873999999,146.97452433962266,5.225806451612903,10.538709677419359,36.87096774193548,29.0,10.0,162.79999999999995
20,2020-06-01,465.1608873,146.27700858490562,4.9,9.620000000000003,49.333333333333336,30.0,9.0,244.29999999999998
20,2020-07-01,371.517588,116.82943018867923,4.28,8.376,63.4,27.0,10.0,369.30000000000007
25,2019-10-01,85.69300000000001,26.94748427672956,4.5,9.1,61.625,26.0,11.0,122.3
25,2019-11-01,313.798,98.67861635220127,4.966666666666667,10.66333333333333,34.4,31.0,11.0,49.00000000000001
25,2019-12-01,318.49999999999994,100.1572327044025,5.096774193548387,10.787096774193548,11.387096774193548,29.0,9.0,1.9
25,2020-01-01,290.66499999999996,91.40408805031446,4.67741935483871,10.41612903225806,24.387096774193548,28.0,8.0,30.500000000000004
25,2020-02-01,318.646,100.20314465408806,5.517241379310345,11.127586206896556,13.068965517241379,32.0,10.0,8.5
25,2020-03-01,363.398,114.27610062893079,6.161290322580645,11.46451612903226,17.032258064516128,36.0,11.0,47.0
25,2020-04-01,343.899,108.14433962264148,6.033333333333333,10.650000000000002,33.46666666666667,35.0,15.0,90.9
25,2020-05-01,361.43500000000006,113.65880503144652,6.129032258064516,11.022580645161293,26.741935483870968,35.0,13.0,136.99999999999997
25,2020-06-01,355.8419999999999,111.9,5.433333333333334,10.020000000000005,43.733333333333334,32.0,13.0,146.9
25,2020-07-01,300.15600000000006,94.38867924528303,5.08,8.976,58.96,30.0,14.0,278.3
26,2020-01-01,184.69,78.92735042735043,4.142857142857143,10.207142857142854,23.714285714285715,26.0,5.0,40.7
26,2020-02-01,261.195,111.62179487179489,5.103448275862069,11.137931034482765,12.413793103448276,31.0,6.0,9.100000000000001
26,2020-03-01,328.653,140.45000000000002,5.419354838709677,11.3741935483871,16.419354838709676,33.0,6.0,41.0
26,2020-04-01,323.82,138.3846153846154,5.3,10.616666666666667,30.266666666666666,32.0,11.0,127.6
26,2020-05-01,358.4,153.16239316239322,5.225806451612903,10.54193548387097,36.87096774193548,29.0,10.0,162.79999999999995
26,2020-06-01,121.17899999999999,51.785897435897446,5.090909090909091,10.072727272727274,50.36363636363637,30.0,10.0,71.2
